year,death_mode,deaths
2013,bicycle,1.0
2013,motor vehicle,31.0
2013,motorcycle,5.0
2013,pedestrian,9.0
2014,bicycle,5.0
2014,motor vehicle,28.0
2014,motorcycle,7.0
2014,pedestrian,7.0
2015,bicycle,2.0
2015,motor vehicle,27.0
2015,motorcycle,13.0
2015,pedestrian,11.0
2015,unspecified,1.0
2016,bicycle,5.0
2016,motor vehicle,26.0
2016,motorcycle,15.0
2016,pedestrian,14.0
2017,bicycle,1.0
2017,motor vehicle,23.0
2017,motorcycle,13.0
2017,pedestrian,11.0
2018,bicycle,6.0
2018,motor vehicle,33.0
2018,motorcycle,7.0
2018,pedestrian,16.0
2019,bicycle,3.0
2019,motor vehicle,35.0
2019,motorcycle,14.0
2019,pedestrian,11.0
2020,bicycle,1.0
2020,motor vehicle,34.0
2020,motorcycle,10.0
2020,pedestrian,11.0
2021,bicycle,2.0
2021,motor vehicle,44.0
2021,motorcycle,13.0
2021,pedestrian,13.0
2022,motor vehicle,43.0
2022,motorcycle,11.0
2022,pedestrian,1.0
2023,motor vehicle,36.0
2023,motorcycle,8.0
2024,motor vehicle,22.0
2024,motorcycle,18.0
2024,unspecified,1.0
2025,motor vehicle,26.0
2025,motorcycle,15.0
2026,motor vehicle,21.0
2026,motorcycle,5.0
