neighborhood,ped_crashes
Five Points,38
Capitol Hill,18
Civic Center,18
(no neighborhood),17
Central Park,16
Gateway - Green Valley Ranch,15
East Colfax,15
CBD,14
Lincoln Park,13
Montbello,13
Highland,12
Athmar Park,12
Baker,11
College View - South Platte,11
North Capitol Hill,11
Union Station,11
Sun Valley,10
Westwood,10
Washington Virginia Vale,9
DIA,9
Virginia Village,8
University,8
Speer,7
City Park,7
Cherry Creek,7
Cheesman Park,7
Northeast Park Hill,6
City Park West,6
Hampden,5
Globeville,5
Valverde,5
South Park Hill,5
Washington Park West,5
Hampden South,5
Harvey Park,5
Auraria,5
Berkeley,5
Barnum,5
Overland,4
Washington Park,4
Jefferson Park,4
Belcaro,4
West Colfax,4
Ruby Hill,3
Elyria Swansea,3
Marston,3
Cory - Merrill,3
Clayton,3
Platt Park,3
University Park,2
Regis,2
Whittier,2
Harvey Park South,2
Congress Park,2
Barnum West,2
Lowry Field,2
Bear Valley,2
Hilltop,2
Hale,2
Goldsmith,2
Chaffee Park,2
Cole,2
North Park Hill,1
West Highland,1
Villa Park,1
Country Club,1
Fort Logan,1
Montclair,1
University Hills,1
Kennedy,1
Mar Lee,1
Windsor,1
